Resort Name,Date,Price (€),Month-Year,Scraped Date
La Plagne 2100,2025-01-05,2521 ,דצמ׳ 2024,2024-12-25
La Plagne 2100,2025-01-12,2671 ,דצמ׳ 2024,2024-12-25
La Plagne 2100,2025-01-19,3497 ,דצמ׳ 2024,2024-12-25
La Plagne 2100,2025-01-26,3278 ,דצמ׳ 2024,2024-12-25
La Plagne 2100,2025-01-05,2521 ,ינו׳ 2025,2024-12-25
La Plagne 2100,2025-01-12,2671 ,ינו׳ 2025,2024-12-25
La Plagne 2100,2025-01-19,3497 ,ינו׳ 2025,2024-12-25
La Plagne 2100,2025-01-26,3278 ,ינו׳ 2025,2024-12-25
La Plagne 2100,2025-02-02,2863 ,ינו׳ 2025,2024-12-25
La Plagne 2100,2025-02-09,2891 ,ינו׳ 2025,2024-12-25
La Plagne 2100,2025-02-16,4087 ,ינו׳ 2025,2024-12-25
La Plagne 2100,2025-02-23,3252 ,ינו׳ 2025,2024-12-25
La Plagne 2100,2025-02-02,2863 ,פבר׳ 2025,2024-12-25
La Plagne 2100,2025-02-09,2891 ,פבר׳ 2025,2024-12-25
La Plagne 2100,2025-02-16,4087 ,פבר׳ 2025,2024-12-25
La Plagne 2100,2025-02-23,3252 ,פבר׳ 2025,2024-12-25
La Plagne 2100,2025-03-02,3712 ,פבר׳ 2025,2024-12-25
La Plagne 2100,2025-03-09,2917 ,פבר׳ 2025,2024-12-25
La Plagne 2100,2025-03-16,2981 ,פבר׳ 2025,2024-12-25
La Plagne 2100,2025-03-23,2628 ,פבר׳ 2025,2024-12-25
La Plagne 2100,2025-03-30,2308 ,פבר׳ 2025,2024-12-25
La Plagne 2100,2025-03-02,3712 ,מרץ 2025,2024-12-25
La Plagne 2100,2025-03-09,2917 ,מרץ 2025,2024-12-25
La Plagne 2100,2025-03-16,2981 ,מרץ 2025,2024-12-25
La Plagne 2100,2025-03-23,2628 ,מרץ 2025,2024-12-25
La Plagne 2100,2025-03-30,2308 ,מרץ 2025,2024-12-25
La Plagne 2100,2025-04-06,2677 ,מרץ 2025,2024-12-25
La Plagne 2100,2025-04-07,2395 ,מרץ 2025,2024-12-25
La Plagne 2100,2025-04-08,2486 ,מרץ 2025,2024-12-25
La Plagne 2100,2025-04-09,2537 ,מרץ 2025,2024-12-25
La Plagne 2100,2025-04-10,2691 ,מרץ 2025,2024-12-25
La Plagne 2100,2025-04-11,2653 ,מרץ 2025,2024-12-25
La Plagne 2100,2025-04-12,2410 ,מרץ 2025,2024-12-25
La Plagne 2100,2025-04-13,2790 ,מרץ 2025,2024-12-25
La Plagne 2100,2025-04-06,2677 ,אפר׳ 2025,2024-12-25
La Plagne 2100,2025-04-07,2395 ,אפר׳ 2025,2024-12-25
La Plagne 2100,2025-04-08,2486 ,אפר׳ 2025,2024-12-25
La Plagne 2100,2025-04-09,2537 ,אפר׳ 2025,2024-12-25
La Plagne 2100,2025-04-10,2691 ,אפר׳ 2025,2024-12-25
La Plagne 2100,2025-04-11,2653 ,אפר׳ 2025,2024-12-25
La Plagne 2100,2025-04-12,2410 ,אפר׳ 2025,2024-12-25
La Plagne 2100,2025-04-13,2790 ,אפר׳ 2025,2024-12-25
Val Thorens,2025-01-05,4292 ,דצמ׳ 2024,2024-12-25
Val Thorens,2025-01-12,3354 ,דצמ׳ 2024,2024-12-25
Val Thorens,2025-01-19,3122 ,דצמ׳ 2024,2024-12-25
Val Thorens,2025-01-26,4392 ,דצמ׳ 2024,2024-12-25
Val Thorens,2025-01-05,4292 ,ינו׳ 2025,2024-12-25
Val Thorens,2025-01-12,3354 ,ינו׳ 2025,2024-12-25
Val Thorens,2025-01-19,3122 ,ינו׳ 2025,2024-12-25
Val Thorens,2025-01-26,4392 ,ינו׳ 2025,2024-12-25
Val Thorens,2025-02-09,5599 ,ינו׳ 2025,2024-12-25
Val Thorens,2025-02-23,4361 ,ינו׳ 2025,2024-12-25
Val Thorens,2025-02-09,5599 ,פבר׳ 2025,2024-12-25
Val Thorens,2025-02-23,4361 ,פבר׳ 2025,2024-12-25
Val Thorens,2025-03-02,4469 ,פבר׳ 2025,2024-12-25
Val Thorens,2025-03-09,5952 ,פבר׳ 2025,2024-12-25
Val Thorens,2025-03-16,4431 ,פבר׳ 2025,2024-12-25
Val Thorens,2025-03-23,3166 ,פבר׳ 2025,2024-12-25
Val Thorens,2025-03-30,3792 ,פבר׳ 2025,2024-12-25
Val Thorens,2025-03-31,3825 ,פבר׳ 2025,2024-12-25
Val Thorens,2025-03-02,4469 ,מרץ 2025,2024-12-25
Val Thorens,2025-03-09,5952 ,מרץ 2025,2024-12-25
Val Thorens,2025-03-16,4431 ,מרץ 2025,2024-12-25
Val Thorens,2025-03-23,3166 ,מרץ 2025,2024-12-25
Val Thorens,2025-03-30,3792 ,מרץ 2025,2024-12-25
Val Thorens,2025-03-31,3825 ,מרץ 2025,2024-12-25
Val Thorens,2025-04-01,3810 ,מרץ 2025,2024-12-25
Val Thorens,2025-04-02,3793 ,מרץ 2025,2024-12-25
Val Thorens,2025-04-03,3086 ,מרץ 2025,2024-12-25
Val Thorens,2025-04-04,2945 ,מרץ 2025,2024-12-25
Val Thorens,2025-04-05,2917 ,מרץ 2025,2024-12-25
Val Thorens,2025-04-06,3109 ,מרץ 2025,2024-12-25
Val Thorens,2025-04-07,2791 ,מרץ 2025,2024-12-25
Val Thorens,2025-04-08,2877 ,מרץ 2025,2024-12-25
Val Thorens,2025-04-09,2924 ,מרץ 2025,2024-12-25
Val Thorens,2025-04-10,3074 ,מרץ 2025,2024-12-25
Val Thorens,2025-04-11,4364 ,מרץ 2025,2024-12-25
Val Thorens,2025-04-12,4097 ,מרץ 2025,2024-12-25
Val Thorens,2025-04-13,4486 ,מרץ 2025,2024-12-25
Val Thorens,2025-04-14,3908 ,מרץ 2025,2024-12-25
Val Thorens,2025-04-15,2372 ,מרץ 2025,2024-12-25
Val Thorens,2025-04-16,2311 ,מרץ 2025,2024-12-25
Val Thorens,2025-04-17,2387 ,מרץ 2025,2024-12-25
Val Thorens,2025-04-18,2975 ,מרץ 2025,2024-12-25
Val Thorens,2025-04-19,2312 ,מרץ 2025,2024-12-25
Val Thorens,2025-04-20,2228 ,מרץ 2025,2024-12-25
Val Thorens,2025-04-21,2418 ,מרץ 2025,2024-12-25
Val Thorens,2025-04-22,2243 ,מרץ 2025,2024-12-25
Val Thorens,2025-04-23,2074 ,מרץ 2025,2024-12-25
Val Thorens,2025-04-24,2079 ,מרץ 2025,2024-12-25
Val Thorens,2025-04-25,2070 ,מרץ 2025,2024-12-25
Val Thorens,2025-04-26,2024 ,מרץ 2025,2024-12-25
Val Thorens,2025-04-27,2048 ,מרץ 2025,2024-12-25
Val Thorens,2025-04-01,3810 ,אפר׳ 2025,2024-12-25
Val Thorens,2025-04-02,3793 ,אפר׳ 2025,2024-12-25
Val Thorens,2025-04-03,3086 ,אפר׳ 2025,2024-12-25
Val Thorens,2025-04-04,2945 ,אפר׳ 2025,2024-12-25
Val Thorens,2025-04-05,2917 ,אפר׳ 2025,2024-12-25
Val Thorens,2025-04-06,3109 ,אפר׳ 2025,2024-12-25
Val Thorens,2025-04-07,2791 ,אפר׳ 2025,2024-12-25
Val Thorens,2025-04-08,2877 ,אפר׳ 2025,2024-12-25
Val Thorens,2025-04-09,2924 ,אפר׳ 2025,2024-12-25
Val Thorens,2025-04-10,3074 ,אפר׳ 2025,2024-12-25
Val Thorens,2025-04-11,4364 ,אפר׳ 2025,2024-12-25
Val Thorens,2025-04-12,4097 ,אפר׳ 2025,2024-12-25
Val Thorens,2025-04-13,4486 ,אפר׳ 2025,2024-12-25
Val Thorens,2025-04-14,3908 ,אפר׳ 2025,2024-12-25
Val Thorens,2025-04-15,2372 ,אפר׳ 2025,2024-12-25
Val Thorens,2025-04-16,2311 ,אפר׳ 2025,2024-12-25
Val Thorens,2025-04-17,2387 ,אפר׳ 2025,2024-12-25
Val Thorens,2025-04-18,2975 ,אפר׳ 2025,2024-12-25
Val Thorens,2025-04-19,2312 ,אפר׳ 2025,2024-12-25
Val Thorens,2025-04-20,2228 ,אפר׳ 2025,2024-12-25
Val Thorens,2025-04-21,2418 ,אפר׳ 2025,2024-12-25
Val Thorens,2025-04-22,2243 ,אפר׳ 2025,2024-12-25
Val Thorens,2025-04-23,2074 ,אפר׳ 2025,2024-12-25
Val Thorens,2025-04-24,2079 ,אפר׳ 2025,2024-12-25
Val Thorens,2025-04-25,2070 ,אפר׳ 2025,2024-12-25
Val Thorens,2025-04-26,2024 ,אפר׳ 2025,2024-12-25
Val Thorens,2025-04-27,2048 ,אפר׳ 2025,2024-12-25
Les Arcs Panorama,2025-01-05,3775 ,ינו׳ 2025,2024-12-25
Les Arcs Panorama,2025-01-12,3907 ,ינו׳ 2025,2024-12-25
Les Arcs Panorama,2025-01-19,3216 ,ינו׳ 2025,2024-12-25
Les Arcs Panorama,2025-01-26,3288 ,ינו׳ 2025,2024-12-25
Les Arcs Panorama,2025-02-02,3716 ,ינו׳ 2025,2024-12-25
Les Arcs Panorama,2025-02-09,3455 ,ינו׳ 2025,2024-12-25
Les Arcs Panorama,2025-02-16,4034 ,ינו׳ 2025,2024-12-25
Les Arcs Panorama,2025-02-23,3849 ,ינו׳ 2025,2024-12-25
Les Arcs Panorama,2025-02-02,3716 ,פבר׳ 2025,2024-12-25
Les Arcs Panorama,2025-02-09,3455 ,פבר׳ 2025,2024-12-25
Les Arcs Panorama,2025-02-16,4034 ,פבר׳ 2025,2024-12-25
Les Arcs Panorama,2025-02-23,3849 ,פבר׳ 2025,2024-12-25
Les Arcs Panorama,2025-03-02,3938 ,פבר׳ 2025,2024-12-25
Les Arcs Panorama,2025-03-09,3716 ,פבר׳ 2025,2024-12-25
Les Arcs Panorama,2025-03-16,3712 ,פבר׳ 2025,2024-12-25
Les Arcs Panorama,2025-03-23,3328 ,פבר׳ 2025,2024-12-25
Les Arcs Panorama,2025-03-24,3242 ,פבר׳ 2025,2024-12-25
Les Arcs Panorama,2025-03-25,3214 ,פבר׳ 2025,2024-12-25
Les Arcs Panorama,2025-03-26,3196 ,פבר׳ 2025,2024-12-25
Les Arcs Panorama,2025-03-27,3162 ,פבר׳ 2025,2024-12-25
Les Arcs Panorama,2025-03-28,3206 ,פבר׳ 2025,2024-12-25
Les Arcs Panorama,2025-03-29,3110 ,פבר׳ 2025,2024-12-25
Les Arcs Panorama,2025-03-30,2985 ,פבר׳ 2025,2024-12-25
Les Arcs Panorama,2025-03-31,3101 ,פבר׳ 2025,2024-12-25
Les Arcs Panorama,2025-03-02,3938 ,מרץ 2025,2024-12-25
Les Arcs Panorama,2025-03-09,3716 ,מרץ 2025,2024-12-25
Les Arcs Panorama,2025-03-16,3712 ,מרץ 2025,2024-12-25
Les Arcs Panorama,2025-03-23,3328 ,מרץ 2025,2024-12-25
Les Arcs Panorama,2025-03-24,3242 ,מרץ 2025,2024-12-25
Les Arcs Panorama,2025-03-25,3214 ,מרץ 2025,2024-12-25
Les Arcs Panorama,2025-03-26,3196 ,מרץ 2025,2024-12-25
Les Arcs Panorama,2025-03-27,3162 ,מרץ 2025,2024-12-25
Les Arcs Panorama,2025-03-28,3206 ,מרץ 2025,2024-12-25
Les Arcs Panorama,2025-03-29,3110 ,מרץ 2025,2024-12-25
Les Arcs Panorama,2025-03-30,2985 ,מרץ 2025,2024-12-25
Les Arcs Panorama,2025-03-31,3101 ,מרץ 2025,2024-12-25
Les Arcs Panorama,2025-04-01,2873 ,מרץ 2025,2024-12-25
Les Arcs Panorama,2025-04-02,2890 ,מרץ 2025,2024-12-25
Les Arcs Panorama,2025-04-03,3021 ,מרץ 2025,2024-12-25
Les Arcs Panorama,2025-04-04,2902 ,מרץ 2025,2024-12-25
Les Arcs Panorama,2025-04-05,2895 ,מרץ 2025,2024-12-25
Les Arcs Panorama,2025-04-06,3058 ,מרץ 2025,2024-12-25
Les Arcs Panorama,2025-04-07,2784 ,מרץ 2025,2024-12-25
Les Arcs Panorama,2025-04-08,2863 ,מרץ 2025,2024-12-25
Les Arcs Panorama,2025-04-09,2904 ,מרץ 2025,2024-12-25
Les Arcs Panorama,2025-04-10,3048 ,מרץ 2025,2024-12-25
Les Arcs Panorama,2025-04-11,2999 ,מרץ 2025,2024-12-25
Les Arcs Panorama,2025-04-12,2746 ,מרץ 2025,2024-12-25
Les Arcs Panorama,2025-04-13,3097 ,מרץ 2025,2024-12-25
Les Arcs Panorama,2025-04-14,2609 ,מרץ 2025,2024-12-25
Les Arcs Panorama,2025-04-15,2443 ,מרץ 2025,2024-12-25
Les Arcs Panorama,2025-04-16,2392 ,מרץ 2025,2024-12-25
Les Arcs Panorama,2025-04-17,2476 ,מרץ 2025,2024-12-25
Les Arcs Panorama,2025-04-18,2365 ,מרץ 2025,2024-12-25
Les Arcs Panorama,2025-04-19,2333 ,מרץ 2025,2024-12-25
Les Arcs Panorama,2025-04-20,2211 ,מרץ 2025,2024-12-25
Les Arcs Panorama,2025-04-01,2873 ,אפר׳ 2025,2024-12-25
Les Arcs Panorama,2025-04-02,2890 ,אפר׳ 2025,2024-12-25
Les Arcs Panorama,2025-04-03,3021 ,אפר׳ 2025,2024-12-25
Les Arcs Panorama,2025-04-04,2902 ,אפר׳ 2025,2024-12-25
Les Arcs Panorama,2025-04-05,2895 ,אפר׳ 2025,2024-12-25
Les Arcs Panorama,2025-04-06,3058 ,אפר׳ 2025,2024-12-25
Les Arcs Panorama,2025-04-07,2784 ,אפר׳ 2025,2024-12-25
Les Arcs Panorama,2025-04-08,2863 ,אפר׳ 2025,2024-12-25
Les Arcs Panorama,2025-04-09,2904 ,אפר׳ 2025,2024-12-25
Les Arcs Panorama,2025-04-10,3048 ,אפר׳ 2025,2024-12-25
Les Arcs Panorama,2025-04-11,2999 ,אפר׳ 2025,2024-12-25
Les Arcs Panorama,2025-04-12,2746 ,אפר׳ 2025,2024-12-25
Les Arcs Panorama,2025-04-13,3097 ,אפר׳ 2025,2024-12-25
Les Arcs Panorama,2025-04-14,2609 ,אפר׳ 2025,2024-12-25
Les Arcs Panorama,2025-04-15,2443 ,אפר׳ 2025,2024-12-25
Les Arcs Panorama,2025-04-16,2392 ,אפר׳ 2025,2024-12-25
Les Arcs Panorama,2025-04-17,2476 ,אפר׳ 2025,2024-12-25
Les Arcs Panorama,2025-04-18,2365 ,אפר׳ 2025,2024-12-25
Les Arcs Panorama,2025-04-19,2333 ,אפר׳ 2025,2024-12-25
Les Arcs Panorama,2025-04-20,2211 ,אפר׳ 2025,2024-12-25
Tignes,2025-01-05,4294 ,דצמ׳ 2024,2024-12-25
Tignes,2025-01-12,4275 ,דצמ׳ 2024,2024-12-25
Tignes,2025-01-19,4173 ,דצמ׳ 2024,2024-12-25
Tignes,2025-01-26,4493 ,דצמ׳ 2024,2024-12-25
Tignes,2025-01-05,4294 ,ינו׳ 2025,2024-12-25
Tignes,2025-01-12,4275 ,ינו׳ 2025,2024-12-25
Tignes,2025-01-19,4173 ,ינו׳ 2025,2024-12-25
Tignes,2025-01-26,4493 ,ינו׳ 2025,2024-12-25
Tignes,2025-02-02,4028 ,ינו׳ 2025,2024-12-25
Tignes,2025-02-09,3897 ,ינו׳ 2025,2024-12-25
Tignes,2025-02-23,4352 ,ינו׳ 2025,2024-12-25
Tignes,2025-02-02,4028 ,פבר׳ 2025,2024-12-25
Tignes,2025-02-09,3897 ,פבר׳ 2025,2024-12-25
Tignes,2025-02-23,4352 ,פבר׳ 2025,2024-12-25
Tignes,2025-03-02,4054 ,פבר׳ 2025,2024-12-25
Tignes,2025-03-09,3531 ,פבר׳ 2025,2024-12-25
Tignes,2025-03-16,4760 ,פבר׳ 2025,2024-12-25
Tignes,2025-03-23,3246 ,פבר׳ 2025,2024-12-25
Tignes,2025-03-30,3176 ,פבר׳ 2025,2024-12-25
Tignes,2025-03-02,4054 ,מרץ 2025,2024-12-25
Tignes,2025-03-09,3531 ,מרץ 2025,2024-12-25
Tignes,2025-03-16,4760 ,מרץ 2025,2024-12-25
Tignes,2025-03-23,3246 ,מרץ 2025,2024-12-25
Tignes,2025-03-30,3176 ,מרץ 2025,2024-12-25
Tignes,2025-04-06,3196 ,מרץ 2025,2024-12-25
Tignes,2025-04-13,3990 ,מרץ 2025,2024-12-25
Tignes,2025-04-20,2438 ,מרץ 2025,2024-12-25
Tignes,2025-04-21,2741 ,מרץ 2025,2024-12-25
Tignes,2025-04-22,2580 ,מרץ 2025,2024-12-25
Tignes,2025-04-23,2506 ,מרץ 2025,2024-12-25
Tignes,2025-04-24,2523 ,מרץ 2025,2024-12-25
Tignes,2025-04-25,2527 ,מרץ 2025,2024-12-25
Tignes,2025-04-26,2494 ,מרץ 2025,2024-12-25
Tignes,2025-04-27,2361 ,מרץ 2025,2024-12-25
Tignes,2025-04-06,3196 ,אפר׳ 2025,2024-12-25
Tignes,2025-04-13,3990 ,אפר׳ 2025,2024-12-25
Tignes,2025-04-20,2438 ,אפר׳ 2025,2024-12-25
Tignes,2025-04-21,2741 ,אפר׳ 2025,2024-12-25
Tignes,2025-04-22,2580 ,אפר׳ 2025,2024-12-25
Tignes,2025-04-23,2506 ,אפר׳ 2025,2024-12-25
Tignes,2025-04-24,2523 ,אפר׳ 2025,2024-12-25
Tignes,2025-04-25,2527 ,אפר׳ 2025,2024-12-25
Tignes,2025-04-26,2494 ,אפר׳ 2025,2024-12-25
Tignes,2025-04-27,2361 ,אפר׳ 2025,2024-12-25
Valmorel,2025-01-02,4897 ,דצמ׳ 2024,2024-12-25
Valmorel,2025-01-03,3648 ,דצמ׳ 2024,2024-12-25
Valmorel,2025-01-05,2699 ,דצמ׳ 2024,2024-12-25
Valmorel,2025-01-06,3346 ,דצמ׳ 2024,2024-12-25
Valmorel,2025-01-07,3386 ,דצמ׳ 2024,2024-12-25
Valmorel,2025-01-08,3205 ,דצמ׳ 2024,2024-12-25
Valmorel,2025-01-09,3145 ,דצמ׳ 2024,2024-12-25
Valmorel,2025-01-10,3166 ,דצמ׳ 2024,2024-12-25
Valmorel,2025-01-11,3277 ,דצמ׳ 2024,2024-12-25
Valmorel,2025-01-12,3023 ,דצמ׳ 2024,2024-12-25
Valmorel,2025-01-13,3277 ,דצמ׳ 2024,2024-12-25
Valmorel,2025-01-14,3314 ,דצמ׳ 2024,2024-12-25
Valmorel,2025-01-15,3402 ,דצמ׳ 2024,2024-12-25
Valmorel,2025-01-16,5051 ,דצמ׳ 2024,2024-12-25
Valmorel,2025-01-17,5039 ,דצמ׳ 2024,2024-12-25
Valmorel,2025-01-18,5248 ,דצמ׳ 2024,2024-12-25
Valmorel,2025-01-19,4342 ,דצמ׳ 2024,2024-12-25
Valmorel,2025-01-20,5357 ,דצמ׳ 2024,2024-12-25
Valmorel,2025-01-21,5500 ,דצמ׳ 2024,2024-12-25
Valmorel,2025-01-22,3286 ,דצמ׳ 2024,2024-12-25
Valmorel,2025-01-23,5377 ,דצמ׳ 2024,2024-12-25
Valmorel,2025-01-24,5384 ,דצמ׳ 2024,2024-12-25
Valmorel,2025-01-25,5315 ,דצמ׳ 2024,2024-12-25
Valmorel,2025-01-26,5244 ,דצמ׳ 2024,2024-12-25
Valmorel,2025-01-27,5072 ,דצמ׳ 2024,2024-12-25
Valmorel,2025-01-28,5333 ,דצמ׳ 2024,2024-12-25
Valmorel,2025-01-29,5333 ,דצמ׳ 2024,2024-12-25
Valmorel,2025-01-30,5333 ,דצמ׳ 2024,2024-12-25
Valmorel,2025-01-31,5372 ,דצמ׳ 2024,2024-12-25
Valmorel,2025-01-02,4897 ,ינו׳ 2025,2024-12-25
Valmorel,2025-01-03,3648 ,ינו׳ 2025,2024-12-25
Valmorel,2025-01-05,2699 ,ינו׳ 2025,2024-12-25
Valmorel,2025-01-06,3346 ,ינו׳ 2025,2024-12-25
Valmorel,2025-01-07,3386 ,ינו׳ 2025,2024-12-25
Valmorel,2025-01-08,3205 ,ינו׳ 2025,2024-12-25
Valmorel,2025-01-09,3145 ,ינו׳ 2025,2024-12-25
Valmorel,2025-01-10,3166 ,ינו׳ 2025,2024-12-25
Valmorel,2025-01-11,3277 ,ינו׳ 2025,2024-12-25
Valmorel,2025-01-12,3023 ,ינו׳ 2025,2024-12-25
Valmorel,2025-01-13,3277 ,ינו׳ 2025,2024-12-25
Valmorel,2025-01-14,3314 ,ינו׳ 2025,2024-12-25
Valmorel,2025-01-15,3402 ,ינו׳ 2025,2024-12-25
Valmorel,2025-01-16,5051 ,ינו׳ 2025,2024-12-25
Valmorel,2025-01-17,5039 ,ינו׳ 2025,2024-12-25
Valmorel,2025-01-18,5248 ,ינו׳ 2025,2024-12-25
Valmorel,2025-01-19,4342 ,ינו׳ 2025,2024-12-25
Valmorel,2025-01-20,5357 ,ינו׳ 2025,2024-12-25
Valmorel,2025-01-21,5500 ,ינו׳ 2025,2024-12-25
Valmorel,2025-01-22,3286 ,ינו׳ 2025,2024-12-25
Valmorel,2025-01-23,5377 ,ינו׳ 2025,2024-12-25
Valmorel,2025-01-24,5384 ,ינו׳ 2025,2024-12-25
Valmorel,2025-01-25,5315 ,ינו׳ 2025,2024-12-25
Valmorel,2025-01-26,5244 ,ינו׳ 2025,2024-12-25
Valmorel,2025-01-27,5072 ,ינו׳ 2025,2024-12-25
Valmorel,2025-01-28,5333 ,ינו׳ 2025,2024-12-25
Valmorel,2025-01-29,5333 ,ינו׳ 2025,2024-12-25
Valmorel,2025-01-30,5333 ,ינו׳ 2025,2024-12-25
Valmorel,2025-01-31,5372 ,ינו׳ 2025,2024-12-25
Valmorel,2025-02-01,5277 ,ינו׳ 2025,2024-12-25
Valmorel,2025-02-02,3344 ,ינו׳ 2025,2024-12-25
Valmorel,2025-02-03,3232 ,ינו׳ 2025,2024-12-25
Valmorel,2025-02-04,3221 ,ינו׳ 2025,2024-12-25
Valmorel,2025-02-05,3273 ,ינו׳ 2025,2024-12-25
Valmorel,2025-02-06,3381 ,ינו׳ 2025,2024-12-25
Valmorel,2025-02-07,2955 ,ינו׳ 2025,2024-12-25
Valmorel,2025-02-08,3256 ,ינו׳ 2025,2024-12-25
Valmorel,2025-02-09,2910 ,ינו׳ 2025,2024-12-25
Valmorel,2025-02-16,3796 ,ינו׳ 2025,2024-12-25
Valmorel,2025-02-23,3460 ,ינו׳ 2025,2024-12-25
Valmorel,2025-02-01,5277 ,פבר׳ 2025,2024-12-25
Valmorel,2025-02-02,3344 ,פבר׳ 2025,2024-12-25
Valmorel,2025-02-03,3232 ,פבר׳ 2025,2024-12-25
Valmorel,2025-02-04,3221 ,פבר׳ 2025,2024-12-25
Valmorel,2025-02-05,3273 ,פבר׳ 2025,2024-12-25
Valmorel,2025-02-06,3381 ,פבר׳ 2025,2024-12-25
Valmorel,2025-02-07,2955 ,פבר׳ 2025,2024-12-25
Valmorel,2025-02-08,3256 ,פבר׳ 2025,2024-12-25
Valmorel,2025-02-09,2910 ,פבר׳ 2025,2024-12-25
Valmorel,2025-02-16,3796 ,פבר׳ 2025,2024-12-25
Valmorel,2025-02-23,3460 ,פבר׳ 2025,2024-12-25
Valmorel,2025-03-02,3264 ,פבר׳ 2025,2024-12-25
Valmorel,2025-03-09,4365 ,פבר׳ 2025,2024-12-25
Valmorel,2025-03-10,3970 ,פבר׳ 2025,2024-12-25
Valmorel,2025-03-11,3970 ,פבר׳ 2025,2024-12-25
Valmorel,2025-03-12,4055 ,פבר׳ 2025,2024-12-25
Valmorel,2025-03-13,3970 ,פבר׳ 2025,2024-12-25
Valmorel,2025-03-14,2873 ,פבר׳ 2025,2024-12-25
Valmorel,2025-03-15,2799 ,פבר׳ 2025,2024-12-25
Valmorel,2025-03-16,2803 ,פבר׳ 2025,2024-12-25
Valmorel,2025-03-17,2419 ,פבר׳ 2025,2024-12-25
Valmorel,2025-03-18,2245 ,פבר׳ 2025,2024-12-25
Valmorel,2025-03-19,2273 ,פבר׳ 2025,2024-12-25
Valmorel,2025-03-20,2471 ,פבר׳ 2025,2024-12-25
Valmorel,2025-03-21,2318 ,פבר׳ 2025,2024-12-25
Valmorel,2025-03-22,2359 ,פבר׳ 2025,2024-12-25
Valmorel,2025-03-23,2523 ,פבר׳ 2025,2024-12-25
Valmorel,2025-03-24,2360 ,פבר׳ 2025,2024-12-25
Valmorel,2025-03-25,2334 ,פבר׳ 2025,2024-12-25
Valmorel,2025-03-26,2319 ,פבר׳ 2025,2024-12-25
Valmorel,2025-03-27,2287 ,פבר׳ 2025,2024-12-25
Valmorel,2025-03-28,2335 ,פבר׳ 2025,2024-12-25
Valmorel,2025-03-29,2240 ,פבר׳ 2025,2024-12-25
Valmorel,2025-03-30,2199 ,פבר׳ 2025,2024-12-25
Valmorel,2025-03-02,3264 ,מרץ 2025,2024-12-25
Valmorel,2025-03-09,4365 ,מרץ 2025,2024-12-25
Valmorel,2025-03-10,3970 ,מרץ 2025,2024-12-25
Valmorel,2025-03-11,3970 ,מרץ 2025,2024-12-25
Valmorel,2025-03-12,4055 ,מרץ 2025,2024-12-25
Valmorel,2025-03-13,3970 ,מרץ 2025,2024-12-25
Valmorel,2025-03-14,2873 ,מרץ 2025,2024-12-25
Valmorel,2025-03-15,2799 ,מרץ 2025,2024-12-25
Valmorel,2025-03-16,2803 ,מרץ 2025,2024-12-25
Valmorel,2025-03-17,2419 ,מרץ 2025,2024-12-25
Valmorel,2025-03-18,2245 ,מרץ 2025,2024-12-25
Valmorel,2025-03-19,2273 ,מרץ 2025,2024-12-25
Valmorel,2025-03-20,2471 ,מרץ 2025,2024-12-25
Valmorel,2025-03-21,2318 ,מרץ 2025,2024-12-25
Valmorel,2025-03-22,2359 ,מרץ 2025,2024-12-25
Valmorel,2025-03-23,2523 ,מרץ 2025,2024-12-25
Valmorel,2025-03-24,2360 ,מרץ 2025,2024-12-25
Valmorel,2025-03-25,2334 ,מרץ 2025,2024-12-25
Valmorel,2025-03-26,2319 ,מרץ 2025,2024-12-25
Valmorel,2025-03-27,2287 ,מרץ 2025,2024-12-25
Valmorel,2025-03-28,2335 ,מרץ 2025,2024-12-25
Valmorel,2025-03-29,2240 ,מרץ 2025,2024-12-25
Valmorel,2025-03-30,2199 ,מרץ 2025,2024-12-25
Val d'Isère,2025-01-05,4330 ,דצמ׳ 2024,2024-12-25
Val d'Isère,2025-01-12,4063 ,דצמ׳ 2024,2024-12-25
Val d'Isère,2025-01-19,6398 ,דצמ׳ 2024,2024-12-25
Val d'Isère,2025-01-26,6718 ,דצמ׳ 2024,2024-12-25
Val d'Isère,2025-01-05,4330 ,ינו׳ 2025,2024-12-25
Val d'Isère,2025-01-12,4063 ,ינו׳ 2025,2024-12-25
Val d'Isère,2025-01-19,6398 ,ינו׳ 2025,2024-12-25
Val d'Isère,2025-01-26,6718 ,ינו׳ 2025,2024-12-25
Val d'Isère,2025-02-02,6855 ,ינו׳ 2025,2024-12-25
Val d'Isère,2025-02-09,4204 ,ינו׳ 2025,2024-12-25
Val d'Isère,2025-02-23,7567 ,ינו׳ 2025,2024-12-25
Val d'Isère,2025-02-02,6855 ,פבר׳ 2025,2024-12-25
Val d'Isère,2025-02-09,4204 ,פבר׳ 2025,2024-12-25
Val d'Isère,2025-02-23,7567 ,פבר׳ 2025,2024-12-25
Val d'Isère,2025-03-02,6854 ,פבר׳ 2025,2024-12-25
Val d'Isère,2025-03-09,6393 ,פבר׳ 2025,2024-12-25
Val d'Isère,2025-03-16,6253 ,פבר׳ 2025,2024-12-25
Val d'Isère,2025-03-23,4009 ,פבר׳ 2025,2024-12-25
Val d'Isère,2025-03-24,3944 ,פבר׳ 2025,2024-12-25
Val d'Isère,2025-03-25,3912 ,פבר׳ 2025,2024-12-25
Val d'Isère,2025-03-26,3891 ,פבר׳ 2025,2024-12-25
Val d'Isère,2025-03-27,3534 ,פבר׳ 2025,2024-12-25
Val d'Isère,2025-03-28,3893 ,פבר׳ 2025,2024-12-25
Val d'Isère,2025-03-29,3793 ,פבר׳ 2025,2024-12-25
Val d'Isère,2025-03-30,3641 ,פבר׳ 2025,2024-12-25
Val d'Isère,2025-03-31,3770 ,פבר׳ 2025,2024-12-25
Val d'Isère,2025-03-02,6854 ,מרץ 2025,2024-12-25
Val d'Isère,2025-03-09,6393 ,מרץ 2025,2024-12-25
Val d'Isère,2025-03-16,6253 ,מרץ 2025,2024-12-25
Val d'Isère,2025-03-23,4009 ,מרץ 2025,2024-12-25
Val d'Isère,2025-03-24,3944 ,מרץ 2025,2024-12-25
Val d'Isère,2025-03-25,3912 ,מרץ 2025,2024-12-25
Val d'Isère,2025-03-26,3891 ,מרץ 2025,2024-12-25
Val d'Isère,2025-03-27,3534 ,מרץ 2025,2024-12-25
Val d'Isère,2025-03-28,3893 ,מרץ 2025,2024-12-25
Val d'Isère,2025-03-29,3793 ,מרץ 2025,2024-12-25
Val d'Isère,2025-03-30,3641 ,מרץ 2025,2024-12-25
Val d'Isère,2025-03-31,3770 ,מרץ 2025,2024-12-25
Val d'Isère,2025-04-01,3777 ,מרץ 2025,2024-12-25
Val d'Isère,2025-04-02,3782 ,מרץ 2025,2024-12-25
Val d'Isère,2025-04-03,3902 ,מרץ 2025,2024-12-25
Val d'Isère,2025-04-04,3771 ,מרץ 2025,2024-12-25
Val d'Isère,2025-04-05,3455 ,מרץ 2025,2024-12-25
Val d'Isère,2025-04-06,3585 ,מרץ 2025,2024-12-25
Val d'Isère,2025-04-07,3320 ,מרץ 2025,2024-12-25
Val d'Isère,2025-04-08,3385 ,מרץ 2025,2024-12-25
Val d'Isère,2025-04-09,3411 ,מרץ 2025,2024-12-25
Val d'Isère,2025-04-10,3540 ,מרץ 2025,2024-12-25
Val d'Isère,2025-04-11,3744 ,מרץ 2025,2024-12-25
Val d'Isère,2025-04-12,5036 ,מרץ 2025,2024-12-25
Val d'Isère,2025-04-13,5309 ,מרץ 2025,2024-12-25
Val d'Isère,2025-04-14,3288 ,מרץ 2025,2024-12-25
Val d'Isère,2025-04-15,3098 ,מרץ 2025,2024-12-25
Val d'Isère,2025-04-16,3022 ,מרץ 2025,2024-12-25
Val d'Isère,2025-04-17,3082 ,מרץ 2025,2024-12-25
Val d'Isère,2025-04-18,2945 ,מרץ 2025,2024-12-25
Val d'Isère,2025-04-19,2889 ,מרץ 2025,2024-12-25
Val d'Isère,2025-04-20,2718 ,מרץ 2025,2024-12-25
Val d'Isère,2025-04-01,3777 ,אפר׳ 2025,2024-12-25
Val d'Isère,2025-04-02,3782 ,אפר׳ 2025,2024-12-25
Val d'Isère,2025-04-03,3902 ,אפר׳ 2025,2024-12-25
Val d'Isère,2025-04-04,3771 ,אפר׳ 2025,2024-12-25
Val d'Isère,2025-04-05,3455 ,אפר׳ 2025,2024-12-25
Val d'Isère,2025-04-06,3585 ,אפר׳ 2025,2024-12-25
Val d'Isère,2025-04-07,3320 ,אפר׳ 2025,2024-12-25
Val d'Isère,2025-04-08,3385 ,אפר׳ 2025,2024-12-25
Val d'Isère,2025-04-09,3411 ,אפר׳ 2025,2024-12-25
Val d'Isère,2025-04-10,3540 ,אפר׳ 2025,2024-12-25
Val d'Isère,2025-04-11,3744 ,אפר׳ 2025,2024-12-25
Val d'Isère,2025-04-12,5036 ,אפר׳ 2025,2024-12-25
Val d'Isère,2025-04-13,5309 ,אפר׳ 2025,2024-12-25
Val d'Isère,2025-04-14,3288 ,אפר׳ 2025,2024-12-25
Val d'Isère,2025-04-15,3098 ,אפר׳ 2025,2024-12-25
Val d'Isère,2025-04-16,3022 ,אפר׳ 2025,2024-12-25
Val d'Isère,2025-04-17,3082 ,אפר׳ 2025,2024-12-25
Val d'Isère,2025-04-18,2945 ,אפר׳ 2025,2024-12-25
Val d'Isère,2025-04-19,2889 ,אפר׳ 2025,2024-12-25
Val d'Isère,2025-04-20,2718 ,אפר׳ 2025,2024-12-25
La Rosière,2024-12-29,3580 ,דצמ׳ 2024,2024-12-25
La Rosière,2025-01-05,2649 ,דצמ׳ 2024,2024-12-25
La Rosière,2025-01-12,2517 ,דצמ׳ 2024,2024-12-25
La Rosière,2025-01-19,2649 ,דצמ׳ 2024,2024-12-25
La Rosière,2025-01-26,2654 ,דצמ׳ 2024,2024-12-25
La Rosière,2025-01-05,2649 ,ינו׳ 2025,2024-12-25
La Rosière,2025-01-12,2517 ,ינו׳ 2025,2024-12-25
La Rosière,2025-01-19,2649 ,ינו׳ 2025,2024-12-25
La Rosière,2025-01-26,2654 ,ינו׳ 2025,2024-12-25
La Rosière,2025-02-02,2515 ,ינו׳ 2025,2024-12-25
La Rosière,2025-02-09,2707 ,ינו׳ 2025,2024-12-25
La Rosière,2025-02-16,4535 ,ינו׳ 2025,2024-12-25
La Rosière,2025-02-23,2965 ,ינו׳ 2025,2024-12-25
La Rosière,2025-02-02,2515 ,פבר׳ 2025,2024-12-25
La Rosière,2025-02-09,2707 ,פבר׳ 2025,2024-12-25
La Rosière,2025-02-16,4535 ,פבר׳ 2025,2024-12-25
La Rosière,2025-02-23,2965 ,פבר׳ 2025,2024-12-25
La Rosière,2025-03-02,2875 ,פבר׳ 2025,2024-12-25
La Rosière,2025-03-09,3127 ,פבר׳ 2025,2024-12-25
La Rosière,2025-03-10,3127 ,פבר׳ 2025,2024-12-25
La Rosière,2025-03-11,3127 ,פבר׳ 2025,2024-12-25
La Rosière,2025-03-12,3127 ,פבר׳ 2025,2024-12-25
La Rosière,2025-03-13,3127 ,פבר׳ 2025,2024-12-25
La Rosière,2025-03-14,3127 ,פבר׳ 2025,2024-12-25
La Rosière,2025-03-15,3127 ,פבר׳ 2025,2024-12-25
La Rosière,2025-03-16,2963 ,פבר׳ 2025,2024-12-25
La Rosière,2025-03-17,2963 ,פבר׳ 2025,2024-12-25
La Rosière,2025-03-18,2963 ,פבר׳ 2025,2024-12-25
La Rosière,2025-03-19,2963 ,פבר׳ 2025,2024-12-25
La Rosière,2025-03-20,2279 ,פבר׳ 2025,2024-12-25
La Rosière,2025-03-21,2279 ,פבר׳ 2025,2024-12-25
La Rosière,2025-03-22,2279 ,פבר׳ 2025,2024-12-25
La Rosière,2025-03-23,2152 ,פבר׳ 2025,2024-12-25
La Rosière,2025-03-24,2139 ,פבר׳ 2025,2024-12-25
La Rosière,2025-03-25,2124 ,פבר׳ 2025,2024-12-25
La Rosière,2025-03-26,2110 ,פבר׳ 2025,2024-12-25
La Rosière,2025-03-27,2096 ,פבר׳ 2025,2024-12-25
La Rosière,2025-03-28,2082 ,פבר׳ 2025,2024-12-25
La Rosière,2025-03-29,2068 ,פבר׳ 2025,2024-12-25
La Rosière,2025-03-30,2054 ,פבר׳ 2025,2024-12-25
La Rosière,2025-03-31,2041 ,פבר׳ 2025,2024-12-25
La Rosière,2025-03-02,2875 ,מרץ 2025,2024-12-25
La Rosière,2025-03-09,3127 ,מרץ 2025,2024-12-25
La Rosière,2025-03-10,3127 ,מרץ 2025,2024-12-25
La Rosière,2025-03-11,3127 ,מרץ 2025,2024-12-25
La Rosière,2025-03-12,3127 ,מרץ 2025,2024-12-25
La Rosière,2025-03-13,3127 ,מרץ 2025,2024-12-25
La Rosière,2025-03-14,3127 ,מרץ 2025,2024-12-25
La Rosière,2025-03-15,3127 ,מרץ 2025,2024-12-25
La Rosière,2025-03-16,2963 ,מרץ 2025,2024-12-25
La Rosière,2025-03-17,2963 ,מרץ 2025,2024-12-25
La Rosière,2025-03-18,2963 ,מרץ 2025,2024-12-25
La Rosière,2025-03-19,2963 ,מרץ 2025,2024-12-25
La Rosière,2025-03-20,2279 ,מרץ 2025,2024-12-25
La Rosière,2025-03-21,2279 ,מרץ 2025,2024-12-25
La Rosière,2025-03-22,2279 ,מרץ 2025,2024-12-25
La Rosière,2025-03-23,2152 ,מרץ 2025,2024-12-25
La Rosière,2025-03-24,2139 ,מרץ 2025,2024-12-25
La Rosière,2025-03-25,2124 ,מרץ 2025,2024-12-25
La Rosière,2025-03-26,2110 ,מרץ 2025,2024-12-25
La Rosière,2025-03-27,2096 ,מרץ 2025,2024-12-25
La Rosière,2025-03-28,2082 ,מרץ 2025,2024-12-25
La Rosière,2025-03-29,2068 ,מרץ 2025,2024-12-25
La Rosière,2025-03-30,2054 ,מרץ 2025,2024-12-25
La Rosière,2025-03-31,2041 ,מרץ 2025,2024-12-25
La Rosière,2025-04-01,2029 ,מרץ 2025,2024-12-25
La Rosière,2025-04-02,2016 ,מרץ 2025,2024-12-25
La Rosière,2025-04-03,2004 ,מרץ 2025,2024-12-25
La Rosière,2025-04-04,1992 ,מרץ 2025,2024-12-25
La Rosière,2025-04-05,1980 ,מרץ 2025,2024-12-25
La Rosière,2025-04-06,1967 ,מרץ 2025,2024-12-25
La Rosière,2025-04-07,1941 ,מרץ 2025,2024-12-25
La Rosière,2025-04-08,1915 ,מרץ 2025,2024-12-25
La Rosière,2025-04-09,1890 ,מרץ 2025,2024-12-25
La Rosière,2025-04-10,1863 ,מרץ 2025,2024-12-25
La Rosière,2025-04-11,1838 ,מרץ 2025,2024-12-25
La Rosière,2025-04-12,1721 ,מרץ 2025,2024-12-25
La Rosière,2025-04-13,1697 ,מרץ 2025,2024-12-25
La Rosière,2025-04-01,2029 ,אפר׳ 2025,2024-12-25
La Rosière,2025-04-02,2016 ,אפר׳ 2025,2024-12-25
La Rosière,2025-04-03,2004 ,אפר׳ 2025,2024-12-25
La Rosière,2025-04-04,1992 ,אפר׳ 2025,2024-12-25
La Rosière,2025-04-05,1980 ,אפר׳ 2025,2024-12-25
La Rosière,2025-04-06,1967 ,אפר׳ 2025,2024-12-25
La Rosière,2025-04-07,1941 ,אפר׳ 2025,2024-12-25
La Rosière,2025-04-08,1915 ,אפר׳ 2025,2024-12-25
La Rosière,2025-04-09,1890 ,אפר׳ 2025,2024-12-25
La Rosière,2025-04-10,1863 ,אפר׳ 2025,2024-12-25
La Rosière,2025-04-11,1838 ,אפר׳ 2025,2024-12-25
La Rosière,2025-04-12,1721 ,אפר׳ 2025,2024-12-25
La Rosière,2025-04-13,1697 ,אפר׳ 2025,2024-12-25
Alpe d'Huez,2025-01-05,3397 ,דצמ׳ 2024,2024-12-25
Alpe d'Huez,2025-01-12,3950 ,דצמ׳ 2024,2024-12-25
Alpe d'Huez,2025-01-19,3127 ,דצמ׳ 2024,2024-12-25
Alpe d'Huez,2025-01-26,4035 ,דצמ׳ 2024,2024-12-25
Alpe d'Huez,2025-01-05,3397 ,ינו׳ 2025,2024-12-25
Alpe d'Huez,2025-01-12,3950 ,ינו׳ 2025,2024-12-25
Alpe d'Huez,2025-01-19,3127 ,ינו׳ 2025,2024-12-25
Alpe d'Huez,2025-01-26,4035 ,ינו׳ 2025,2024-12-25
Alpe d'Huez,2025-02-02,3718 ,ינו׳ 2025,2024-12-25
Alpe d'Huez,2025-02-09,3574 ,ינו׳ 2025,2024-12-25
Alpe d'Huez,2025-02-16,4277 ,ינו׳ 2025,2024-12-25
Alpe d'Huez,2025-02-23,4114 ,ינו׳ 2025,2024-12-25
Alpe d'Huez,2025-02-02,3718 ,פבר׳ 2025,2024-12-25
Alpe d'Huez,2025-02-09,3574 ,פבר׳ 2025,2024-12-25
Alpe d'Huez,2025-02-16,4277 ,פבר׳ 2025,2024-12-25
Alpe d'Huez,2025-02-23,4114 ,פבר׳ 2025,2024-12-25
Alpe d'Huez,2025-03-02,3797 ,פבר׳ 2025,2024-12-25
Alpe d'Huez,2025-03-09,4080 ,פבר׳ 2025,2024-12-25
Alpe d'Huez,2025-03-16,3957 ,פבר׳ 2025,2024-12-25
Alpe d'Huez,2025-03-23,3677 ,פבר׳ 2025,2024-12-25
Alpe d'Huez,2025-03-24,3698 ,פבר׳ 2025,2024-12-25
Alpe d'Huez,2025-03-25,3664 ,פבר׳ 2025,2024-12-25
Alpe d'Huez,2025-03-26,3642 ,פבר׳ 2025,2024-12-25
Alpe d'Huez,2025-03-27,3602 ,פבר׳ 2025,2024-12-25
Alpe d'Huez,2025-03-28,3641 ,פבר׳ 2025,2024-12-25
Alpe d'Huez,2025-03-29,3540 ,פבר׳ 2025,2024-12-25
Alpe d'Huez,2025-03-30,2830 ,פבר׳ 2025,2024-12-25
Alpe d'Huez,2025-03-31,3074 ,פבר׳ 2025,2024-12-25
Alpe d'Huez,2025-03-02,3797 ,מרץ 2025,2024-12-25
Alpe d'Huez,2025-03-09,4080 ,מרץ 2025,2024-12-25
Alpe d'Huez,2025-03-16,3957 ,מרץ 2025,2024-12-25
Alpe d'Huez,2025-03-23,3677 ,מרץ 2025,2024-12-25
Alpe d'Huez,2025-03-24,3698 ,מרץ 2025,2024-12-25
Alpe d'Huez,2025-03-25,3664 ,מרץ 2025,2024-12-25
Alpe d'Huez,2025-03-26,3642 ,מרץ 2025,2024-12-25
Alpe d'Huez,2025-03-27,3602 ,מרץ 2025,2024-12-25
Alpe d'Huez,2025-03-28,3641 ,מרץ 2025,2024-12-25
Alpe d'Huez,2025-03-29,3540 ,מרץ 2025,2024-12-25
Alpe d'Huez,2025-03-30,2830 ,מרץ 2025,2024-12-25
Alpe d'Huez,2025-03-31,3074 ,מרץ 2025,2024-12-25
Alpe d'Huez,2025-04-01,3108 ,מרץ 2025,2024-12-25
Alpe d'Huez,2025-04-02,2908 ,מרץ 2025,2024-12-25
Alpe d'Huez,2025-04-03,3055 ,מרץ 2025,2024-12-25
Alpe d'Huez,2025-04-04,2951 ,מרץ 2025,2024-12-25
Alpe d'Huez,2025-04-05,2960 ,מרץ 2025,2024-12-25
Alpe d'Huez,2025-04-06,3027 ,מרץ 2025,2024-12-25
Alpe d'Huez,2025-04-07,2872 ,מרץ 2025,2024-12-25
Alpe d'Huez,2025-04-08,2960 ,מרץ 2025,2024-12-25
Alpe d'Huez,2025-04-09,3008 ,מרץ 2025,2024-12-25
Alpe d'Huez,2025-04-10,3159 ,מרץ 2025,2024-12-25
Alpe d'Huez,2025-04-11,3118 ,מרץ 2025,2024-12-25
Alpe d'Huez,2025-04-12,2872 ,מרץ 2025,2024-12-25
Alpe d'Huez,2025-04-13,3119 ,מרץ 2025,2024-12-25
Alpe d'Huez,2025-04-01,3108 ,אפר׳ 2025,2024-12-25
Alpe d'Huez,2025-04-02,2908 ,אפר׳ 2025,2024-12-25
Alpe d'Huez,2025-04-03,3055 ,אפר׳ 2025,2024-12-25
Alpe d'Huez,2025-04-04,2951 ,אפר׳ 2025,2024-12-25
Alpe d'Huez,2025-04-05,2960 ,אפר׳ 2025,2024-12-25
Alpe d'Huez,2025-04-06,3027 ,אפר׳ 2025,2024-12-25
Alpe d'Huez,2025-04-07,2872 ,אפר׳ 2025,2024-12-25
Alpe d'Huez,2025-04-08,2960 ,אפר׳ 2025,2024-12-25
Alpe d'Huez,2025-04-09,3008 ,אפר׳ 2025,2024-12-25
Alpe d'Huez,2025-04-10,3159 ,אפר׳ 2025,2024-12-25
Alpe d'Huez,2025-04-11,3118 ,אפר׳ 2025,2024-12-25
Alpe d'Huez,2025-04-12,2872 ,אפר׳ 2025,2024-12-25
Alpe d'Huez,2025-04-13,3119 ,אפר׳ 2025,2024-12-25
Grand Massif,2025-01-02,7393 ,דצמ׳ 2024,2024-12-25
Grand Massif,2025-01-03,6046 ,דצמ׳ 2024,2024-12-25
Grand Massif,2025-01-05,3203 ,דצמ׳ 2024,2024-12-25
Grand Massif,2025-01-06,3850 ,דצמ׳ 2024,2024-12-25
Grand Massif,2025-01-07,3890 ,דצמ׳ 2024,2024-12-25
Grand Massif,2025-01-08,3709 ,דצמ׳ 2024,2024-12-25
Grand Massif,2025-01-09,3193 ,דצמ׳ 2024,2024-12-25
Grand Massif,2025-01-10,3214 ,דצמ׳ 2024,2024-12-25
Grand Massif,2025-01-11,3214 ,דצמ׳ 2024,2024-12-25
Grand Massif,2025-01-12,3040 ,דצמ׳ 2024,2024-12-25
Grand Massif,2025-01-13,3807 ,דצמ׳ 2024,2024-12-25
Grand Massif,2025-01-14,3844 ,דצמ׳ 2024,2024-12-25
Grand Massif,2025-01-15,3932 ,דצמ׳ 2024,2024-12-25
Grand Massif,2025-01-16,3056 ,דצמ׳ 2024,2024-12-25
Grand Massif,2025-01-17,3044 ,דצמ׳ 2024,2024-12-25
Grand Massif,2025-01-18,3969 ,דצמ׳ 2024,2024-12-25
Grand Massif,2025-01-19,3373 ,דצמ׳ 2024,2024-12-25
Grand Massif,2025-01-20,3818 ,דצמ׳ 2024,2024-12-25
Grand Massif,2025-01-21,3955 ,דצמ׳ 2024,2024-12-25
Grand Massif,2025-01-22,3933 ,דצמ׳ 2024,2024-12-25
Grand Massif,2025-01-23,3818 ,דצמ׳ 2024,2024-12-25
Grand Massif,2025-01-24,3817 ,דצמ׳ 2024,2024-12-25
Grand Massif,2025-01-25,3741 ,דצמ׳ 2024,2024-12-25
Grand Massif,2025-01-26,3773 ,דצמ׳ 2024,2024-12-25
Grand Massif,2025-01-27,3492 ,דצמ׳ 2024,2024-12-25
Grand Massif,2025-01-28,3753 ,דצמ׳ 2024,2024-12-25
Grand Massif,2025-01-29,3754 ,דצמ׳ 2024,2024-12-25
Grand Massif,2025-01-30,3754 ,דצמ׳ 2024,2024-12-25
Grand Massif,2025-01-31,3056 ,דצמ׳ 2024,2024-12-25
Grand Massif,2025-01-02,7393 ,ינו׳ 2025,2024-12-25
Grand Massif,2025-01-03,6046 ,ינו׳ 2025,2024-12-25
Grand Massif,2025-01-05,3203 ,ינו׳ 2025,2024-12-25
Grand Massif,2025-01-06,3850 ,ינו׳ 2025,2024-12-25
Grand Massif,2025-01-07,3890 ,ינו׳ 2025,2024-12-25
Grand Massif,2025-01-08,3709 ,ינו׳ 2025,2024-12-25
Grand Massif,2025-01-09,3193 ,ינו׳ 2025,2024-12-25
Grand Massif,2025-01-10,3214 ,ינו׳ 2025,2024-12-25
Grand Massif,2025-01-11,3214 ,ינו׳ 2025,2024-12-25
Grand Massif,2025-01-12,3040 ,ינו׳ 2025,2024-12-25
Grand Massif,2025-01-13,3807 ,ינו׳ 2025,2024-12-25
Grand Massif,2025-01-14,3844 ,ינו׳ 2025,2024-12-25
Grand Massif,2025-01-15,3932 ,ינו׳ 2025,2024-12-25
Grand Massif,2025-01-16,3056 ,ינו׳ 2025,2024-12-25
Grand Massif,2025-01-17,3044 ,ינו׳ 2025,2024-12-25
Grand Massif,2025-01-18,3969 ,ינו׳ 2025,2024-12-25
Grand Massif,2025-01-19,3373 ,ינו׳ 2025,2024-12-25
Grand Massif,2025-01-20,3818 ,ינו׳ 2025,2024-12-25
Grand Massif,2025-01-21,3955 ,ינו׳ 2025,2024-12-25
Grand Massif,2025-01-22,3933 ,ינו׳ 2025,2024-12-25
Grand Massif,2025-01-23,3818 ,ינו׳ 2025,2024-12-25
Grand Massif,2025-01-24,3817 ,ינו׳ 2025,2024-12-25
Grand Massif,2025-01-25,3741 ,ינו׳ 2025,2024-12-25
Grand Massif,2025-01-26,3773 ,ינו׳ 2025,2024-12-25
Grand Massif,2025-01-27,3492 ,ינו׳ 2025,2024-12-25
Grand Massif,2025-01-28,3753 ,ינו׳ 2025,2024-12-25
Grand Massif,2025-01-29,3754 ,ינו׳ 2025,2024-12-25
Grand Massif,2025-01-30,3754 ,ינו׳ 2025,2024-12-25
Grand Massif,2025-01-31,3056 ,ינו׳ 2025,2024-12-25
Grand Massif,2025-02-01,2961 ,ינו׳ 2025,2024-12-25
Grand Massif,2025-02-02,2962 ,ינו׳ 2025,2024-12-25
Grand Massif,2025-02-03,2855 ,ינו׳ 2025,2024-12-25
Grand Massif,2025-02-04,2849 ,ינו׳ 2025,2024-12-25
Grand Massif,2025-02-05,2906 ,ינו׳ 2025,2024-12-25
Grand Massif,2025-02-06,3019 ,ינו׳ 2025,2024-12-25
Grand Massif,2025-02-07,3076 ,ינו׳ 2025,2024-12-25
Grand Massif,2025-02-08,3393 ,ינו׳ 2025,2024-12-25
Grand Massif,2025-02-09,3314 ,ינו׳ 2025,2024-12-25
Grand Massif,2025-02-16,3932 ,ינו׳ 2025,2024-12-25
Grand Massif,2025-02-23,3513 ,ינו׳ 2025,2024-12-25
Grand Massif,2025-02-01,2961 ,פבר׳ 2025,2024-12-25
Grand Massif,2025-02-02,2962 ,פבר׳ 2025,2024-12-25
Grand Massif,2025-02-03,2855 ,פבר׳ 2025,2024-12-25
Grand Massif,2025-02-04,2849 ,פבר׳ 2025,2024-12-25
Grand Massif,2025-02-05,2906 ,פבר׳ 2025,2024-12-25
Grand Massif,2025-02-06,3019 ,פבר׳ 2025,2024-12-25
Grand Massif,2025-02-07,3076 ,פבר׳ 2025,2024-12-25
Grand Massif,2025-02-08,3393 ,פבר׳ 2025,2024-12-25
Grand Massif,2025-02-09,3314 ,פבר׳ 2025,2024-12-25
Grand Massif,2025-02-16,3932 ,פבר׳ 2025,2024-12-25
Grand Massif,2025-02-23,3513 ,פבר׳ 2025,2024-12-25
Grand Massif,2025-03-02,3522 ,פבר׳ 2025,2024-12-25
Grand Massif,2025-03-09,3873 ,פבר׳ 2025,2024-12-25
Grand Massif,2025-03-10,3368 ,פבר׳ 2025,2024-12-25
Grand Massif,2025-03-11,3368 ,פבר׳ 2025,2024-12-25
Grand Massif,2025-03-12,3453 ,פבר׳ 2025,2024-12-25
Grand Massif,2025-03-13,3368 ,פבר׳ 2025,2024-12-25
Grand Massif,2025-03-14,2663 ,פבר׳ 2025,2024-12-25
Grand Massif,2025-03-15,2589 ,פבר׳ 2025,2024-12-25
Grand Massif,2025-03-16,3257 ,פבר׳ 2025,2024-12-25
Grand Massif,2025-03-17,2763 ,פבר׳ 2025,2024-12-25
Grand Massif,2025-03-18,2589 ,פבר׳ 2025,2024-12-25
Grand Massif,2025-03-19,2617 ,פבר׳ 2025,2024-12-25
Grand Massif,2025-03-20,2815 ,פבר׳ 2025,2024-12-25
Grand Massif,2025-03-21,2662 ,פבר׳ 2025,2024-12-25
Grand Massif,2025-03-22,2703 ,פבר׳ 2025,2024-12-25
Grand Massif,2025-03-23,2953 ,פבר׳ 2025,2024-12-25
Grand Massif,2025-03-24,2704 ,פבר׳ 2025,2024-12-25
Grand Massif,2025-03-25,2679 ,פבר׳ 2025,2024-12-25
Grand Massif,2025-03-26,2665 ,פבר׳ 2025,2024-12-25
Grand Massif,2025-03-27,2633 ,פבר׳ 2025,2024-12-25
Grand Massif,2025-03-28,2681 ,פבר׳ 2025,2024-12-25
Grand Massif,2025-03-29,2588 ,פבר׳ 2025,2024-12-25
Grand Massif,2025-03-30,2657 ,פבר׳ 2025,2024-12-25
Grand Massif,2025-03-02,3522 ,מרץ 2025,2024-12-25
Grand Massif,2025-03-09,3873 ,מרץ 2025,2024-12-25
Grand Massif,2025-03-10,3368 ,מרץ 2025,2024-12-25
Grand Massif,2025-03-11,3368 ,מרץ 2025,2024-12-25
Grand Massif,2025-03-12,3453 ,מרץ 2025,2024-12-25
Grand Massif,2025-03-13,3368 ,מרץ 2025,2024-12-25
Grand Massif,2025-03-14,2663 ,מרץ 2025,2024-12-25
Grand Massif,2025-03-15,2589 ,מרץ 2025,2024-12-25
Grand Massif,2025-03-16,3257 ,מרץ 2025,2024-12-25
Grand Massif,2025-03-17,2763 ,מרץ 2025,2024-12-25
Grand Massif,2025-03-18,2589 ,מרץ 2025,2024-12-25
Grand Massif,2025-03-19,2617 ,מרץ 2025,2024-12-25
Grand Massif,2025-03-20,2815 ,מרץ 2025,2024-12-25
Grand Massif,2025-03-21,2662 ,מרץ 2025,2024-12-25
Grand Massif,2025-03-22,2703 ,מרץ 2025,2024-12-25
Grand Massif,2025-03-23,2953 ,מרץ 2025,2024-12-25
Grand Massif,2025-03-24,2704 ,מרץ 2025,2024-12-25
Grand Massif,2025-03-25,2679 ,מרץ 2025,2024-12-25
Grand Massif,2025-03-26,2665 ,מרץ 2025,2024-12-25
Grand Massif,2025-03-27,2633 ,מרץ 2025,2024-12-25
Grand Massif,2025-03-28,2681 ,מרץ 2025,2024-12-25
Grand Massif,2025-03-29,2588 ,מרץ 2025,2024-12-25
Grand Massif,2025-03-30,2657 ,מרץ 2025,2024-12-25
Peisey-Vallandry,2025-01-05,2972 ,דצמ׳ 2024,2024-12-25
Peisey-Vallandry,2025-01-06,3619 ,דצמ׳ 2024,2024-12-25
Peisey-Vallandry,2025-01-07,3659 ,דצמ׳ 2024,2024-12-25
Peisey-Vallandry,2025-01-08,3478 ,דצמ׳ 2024,2024-12-25
Peisey-Vallandry,2025-01-09,3417 ,דצמ׳ 2024,2024-12-25
Peisey-Vallandry,2025-01-10,3438 ,דצמ׳ 2024,2024-12-25
Peisey-Vallandry,2025-01-11,3438 ,דצמ׳ 2024,2024-12-25
Peisey-Vallandry,2025-01-12,3110 ,דצמ׳ 2024,2024-12-25
Peisey-Vallandry,2025-01-13,3694 ,דצמ׳ 2024,2024-12-25
Peisey-Vallandry,2025-01-14,3731 ,דצמ׳ 2024,2024-12-25
Peisey-Vallandry,2025-01-15,3446 ,דצמ׳ 2024,2024-12-25
Peisey-Vallandry,2025-01-16,3286 ,דצמ׳ 2024,2024-12-25
Peisey-Vallandry,2025-01-17,3274 ,דצמ׳ 2024,2024-12-25
Peisey-Vallandry,2025-01-18,3483 ,דצמ׳ 2024,2024-12-25
Peisey-Vallandry,2025-01-19,2703 ,דצמ׳ 2024,2024-12-25
Peisey-Vallandry,2025-01-26,3470 ,דצמ׳ 2024,2024-12-25
Peisey-Vallandry,2025-01-05,2972 ,ינו׳ 2025,2024-12-25
Peisey-Vallandry,2025-01-06,3619 ,ינו׳ 2025,2024-12-25
Peisey-Vallandry,2025-01-07,3659 ,ינו׳ 2025,2024-12-25
Peisey-Vallandry,2025-01-08,3478 ,ינו׳ 2025,2024-12-25
Peisey-Vallandry,2025-01-09,3417 ,ינו׳ 2025,2024-12-25
Peisey-Vallandry,2025-01-10,3438 ,ינו׳ 2025,2024-12-25
Peisey-Vallandry,2025-01-11,3438 ,ינו׳ 2025,2024-12-25
Peisey-Vallandry,2025-01-12,3110 ,ינו׳ 2025,2024-12-25
Peisey-Vallandry,2025-01-13,3694 ,ינו׳ 2025,2024-12-25
Peisey-Vallandry,2025-01-14,3731 ,ינו׳ 2025,2024-12-25
Peisey-Vallandry,2025-01-15,3446 ,ינו׳ 2025,2024-12-25
Peisey-Vallandry,2025-01-16,3286 ,ינו׳ 2025,2024-12-25
Peisey-Vallandry,2025-01-17,3274 ,ינו׳ 2025,2024-12-25
Peisey-Vallandry,2025-01-18,3483 ,ינו׳ 2025,2024-12-25
Peisey-Vallandry,2025-01-19,2703 ,ינו׳ 2025,2024-12-25
Peisey-Vallandry,2025-01-26,3470 ,ינו׳ 2025,2024-12-25
Peisey-Vallandry,2025-02-02,3577 ,ינו׳ 2025,2024-12-25
Peisey-Vallandry,2025-02-09,3680 ,ינו׳ 2025,2024-12-25
Peisey-Vallandry,2025-02-16,4750 ,ינו׳ 2025,2024-12-25
Peisey-Vallandry,2025-02-23,4076 ,ינו׳ 2025,2024-12-25
Peisey-Vallandry,2025-02-02,3577 ,פבר׳ 2025,2024-12-25
Peisey-Vallandry,2025-02-09,3680 ,פבר׳ 2025,2024-12-25
Peisey-Vallandry,2025-02-16,4750 ,פבר׳ 2025,2024-12-25
Peisey-Vallandry,2025-02-23,4076 ,פבר׳ 2025,2024-12-25
Peisey-Vallandry,2025-03-02,3904 ,פבר׳ 2025,2024-12-25
Peisey-Vallandry,2025-03-09,3625 ,פבר׳ 2025,2024-12-25
Peisey-Vallandry,2025-03-10,3283 ,פבר׳ 2025,2024-12-25
Peisey-Vallandry,2025-03-11,3262 ,פבר׳ 2025,2024-12-25
Peisey-Vallandry,2025-03-12,3326 ,פבר׳ 2025,2024-12-25
Peisey-Vallandry,2025-03-13,3219 ,פבר׳ 2025,2024-12-25
Peisey-Vallandry,2025-03-14,3209 ,פבר׳ 2025,2024-12-25
Peisey-Vallandry,2025-03-15,3114 ,פבר׳ 2025,2024-12-25
Peisey-Vallandry,2025-03-16,3576 ,פבר׳ 2025,2024-12-25
Peisey-Vallandry,2025-03-17,3266 ,פבר׳ 2025,2024-12-25
Peisey-Vallandry,2025-03-18,3092 ,פבר׳ 2025,2024-12-25
Peisey-Vallandry,2025-03-19,2762 ,פבר׳ 2025,2024-12-25
Peisey-Vallandry,2025-03-20,2960 ,פבר׳ 2025,2024-12-25
Peisey-Vallandry,2025-03-21,2807 ,פבר׳ 2025,2024-12-25
Peisey-Vallandry,2025-03-22,2848 ,פבר׳ 2025,2024-12-25
Peisey-Vallandry,2025-03-23,2938 ,פבר׳ 2025,2024-12-25
Peisey-Vallandry,2025-03-24,2850 ,פבר׳ 2025,2024-12-25
Peisey-Vallandry,2025-03-25,2824 ,פבר׳ 2025,2024-12-25
Peisey-Vallandry,2025-03-26,2809 ,פבר׳ 2025,2024-12-25
Peisey-Vallandry,2025-03-27,2778 ,פבר׳ 2025,2024-12-25
Peisey-Vallandry,2025-03-28,2825 ,פבר׳ 2025,2024-12-25
Peisey-Vallandry,2025-03-29,2732 ,פבר׳ 2025,2024-12-25
Peisey-Vallandry,2025-03-30,2616 ,פבר׳ 2025,2024-12-25
Peisey-Vallandry,2025-03-31,2726 ,פבר׳ 2025,2024-12-25
Peisey-Vallandry,2025-03-02,3904 ,מרץ 2025,2024-12-25
Peisey-Vallandry,2025-03-09,3625 ,מרץ 2025,2024-12-25
Peisey-Vallandry,2025-03-10,3283 ,מרץ 2025,2024-12-25
Peisey-Vallandry,2025-03-11,3262 ,מרץ 2025,2024-12-25
Peisey-Vallandry,2025-03-12,3326 ,מרץ 2025,2024-12-25
Peisey-Vallandry,2025-03-13,3219 ,מרץ 2025,2024-12-25
Peisey-Vallandry,2025-03-14,3209 ,מרץ 2025,2024-12-25
Peisey-Vallandry,2025-03-15,3114 ,מרץ 2025,2024-12-25
Peisey-Vallandry,2025-03-16,3576 ,מרץ 2025,2024-12-25
Peisey-Vallandry,2025-03-17,3266 ,מרץ 2025,2024-12-25
Peisey-Vallandry,2025-03-18,3092 ,מרץ 2025,2024-12-25
Peisey-Vallandry,2025-03-19,2762 ,מרץ 2025,2024-12-25
Peisey-Vallandry,2025-03-20,2960 ,מרץ 2025,2024-12-25
Peisey-Vallandry,2025-03-21,2807 ,מרץ 2025,2024-12-25
Peisey-Vallandry,2025-03-22,2848 ,מרץ 2025,2024-12-25
Peisey-Vallandry,2025-03-23,2938 ,מרץ 2025,2024-12-25
Peisey-Vallandry,2025-03-24,2850 ,מרץ 2025,2024-12-25
Peisey-Vallandry,2025-03-25,2824 ,מרץ 2025,2024-12-25
Peisey-Vallandry,2025-03-26,2809 ,מרץ 2025,2024-12-25
Peisey-Vallandry,2025-03-27,2778 ,מרץ 2025,2024-12-25
Peisey-Vallandry,2025-03-28,2825 ,מרץ 2025,2024-12-25
Peisey-Vallandry,2025-03-29,2732 ,מרץ 2025,2024-12-25
Peisey-Vallandry,2025-03-30,2616 ,מרץ 2025,2024-12-25
Peisey-Vallandry,2025-03-31,2726 ,מרץ 2025,2024-12-25
Peisey-Vallandry,2025-04-01,2744 ,מרץ 2025,2024-12-25
Peisey-Vallandry,2025-04-02,2760 ,מרץ 2025,2024-12-25
Peisey-Vallandry,2025-04-03,2891 ,מרץ 2025,2024-12-25
Peisey-Vallandry,2025-04-04,2772 ,מרץ 2025,2024-12-25
Peisey-Vallandry,2025-04-05,2764 ,מרץ 2025,2024-12-25
Peisey-Vallandry,2025-04-06,2933 ,מרץ 2025,2024-12-25
Peisey-Vallandry,2025-04-07,2661 ,מרץ 2025,2024-12-25
Peisey-Vallandry,2025-04-08,2749 ,מרץ 2025,2024-12-25
Peisey-Vallandry,2025-04-09,2798 ,מרץ 2025,2024-12-25
Peisey-Vallandry,2025-04-10,2950 ,מרץ 2025,2024-12-25
Peisey-Vallandry,2025-04-11,2910 ,מרץ 2025,2024-12-25
Peisey-Vallandry,2025-04-12,2665 ,מרץ 2025,2024-12-25
Peisey-Vallandry,2025-04-13,3031 ,מרץ 2025,2024-12-25
Peisey-Vallandry,2025-04-01,2744 ,אפר׳ 2025,2024-12-25
Peisey-Vallandry,2025-04-02,2760 ,אפר׳ 2025,2024-12-25
Peisey-Vallandry,2025-04-03,2891 ,אפר׳ 2025,2024-12-25
Peisey-Vallandry,2025-04-04,2772 ,אפר׳ 2025,2024-12-25
Peisey-Vallandry,2025-04-05,2764 ,אפר׳ 2025,2024-12-25
Peisey-Vallandry,2025-04-06,2933 ,אפר׳ 2025,2024-12-25
Peisey-Vallandry,2025-04-07,2661 ,אפר׳ 2025,2024-12-25
Peisey-Vallandry,2025-04-08,2749 ,אפר׳ 2025,2024-12-25
Peisey-Vallandry,2025-04-09,2798 ,אפר׳ 2025,2024-12-25
Peisey-Vallandry,2025-04-10,2950 ,אפר׳ 2025,2024-12-25
Peisey-Vallandry,2025-04-11,2910 ,אפר׳ 2025,2024-12-25
Peisey-Vallandry,2025-04-12,2665 ,אפר׳ 2025,2024-12-25
Peisey-Vallandry,2025-04-13,3031 ,אפר׳ 2025,2024-12-25
Serre Chevalier,2025-01-12,3291 ,דצמ׳ 2024,2024-12-25
Serre Chevalier,2025-01-19,2883 ,דצמ׳ 2024,2024-12-25
Serre Chevalier,2025-01-26,4038 ,דצמ׳ 2024,2024-12-25
Serre Chevalier,2025-01-12,3291 ,ינו׳ 2025,2024-12-25
Serre Chevalier,2025-01-19,2883 ,ינו׳ 2025,2024-12-25
Serre Chevalier,2025-01-26,4038 ,ינו׳ 2025,2024-12-25
Serre Chevalier,2025-02-09,3535 ,ינו׳ 2025,2024-12-25
Serre Chevalier,2025-02-09,3535 ,פבר׳ 2025,2024-12-25
Serre Chevalier,2025-03-02,3682 ,פבר׳ 2025,2024-12-25
Serre Chevalier,2025-03-09,3176 ,פבר׳ 2025,2024-12-25
Serre Chevalier,2025-03-16,3153 ,פבר׳ 2025,2024-12-25
Serre Chevalier,2025-03-23,3112 ,פבר׳ 2025,2024-12-25
Serre Chevalier,2025-03-30,2781 ,פבר׳ 2025,2024-12-25
Serre Chevalier,2025-03-02,3682 ,מרץ 2025,2024-12-25
Serre Chevalier,2025-03-09,3176 ,מרץ 2025,2024-12-25
Serre Chevalier,2025-03-16,3153 ,מרץ 2025,2024-12-25
Serre Chevalier,2025-03-23,3112 ,מרץ 2025,2024-12-25
Serre Chevalier,2025-03-30,2781 ,מרץ 2025,2024-12-25
Serre Chevalier,2025-04-06,3091 ,מרץ 2025,2024-12-25
Serre Chevalier,2025-04-06,3091 ,אפר׳ 2025,2024-12-25
Pragelato Sestriere,2025-01-12,2929 ,דצמ׳ 2024,2024-12-25
Pragelato Sestriere,2025-01-13,2814 ,דצמ׳ 2024,2024-12-25
Pragelato Sestriere,2025-01-15,2910 ,דצמ׳ 2024,2024-12-25
Pragelato Sestriere,2025-01-19,3153 ,דצמ׳ 2024,2024-12-25
Pragelato Sestriere,2025-01-20,3400 ,דצמ׳ 2024,2024-12-25
Pragelato Sestriere,2025-01-21,2611 ,דצמ׳ 2024,2024-12-25
Pragelato Sestriere,2025-01-22,2765 ,דצמ׳ 2024,2024-12-25
Pragelato Sestriere,2025-01-26,2991 ,דצמ׳ 2024,2024-12-25
Pragelato Sestriere,2025-01-27,2952 ,דצמ׳ 2024,2024-12-25
Pragelato Sestriere,2025-01-28,2805 ,דצמ׳ 2024,2024-12-25
Pragelato Sestriere,2025-01-29,2907 ,דצמ׳ 2024,2024-12-25
Pragelato Sestriere,2025-01-30,3019 ,דצמ׳ 2024,2024-12-25
Pragelato Sestriere,2025-01-12,2929 ,ינו׳ 2025,2024-12-25
Pragelato Sestriere,2025-01-13,2814 ,ינו׳ 2025,2024-12-25
Pragelato Sestriere,2025-01-15,2910 ,ינו׳ 2025,2024-12-25
Pragelato Sestriere,2025-01-19,3153 ,ינו׳ 2025,2024-12-25
Pragelato Sestriere,2025-01-20,3400 ,ינו׳ 2025,2024-12-25
Pragelato Sestriere,2025-01-21,2611 ,ינו׳ 2025,2024-12-25
Pragelato Sestriere,2025-01-22,2765 ,ינו׳ 2025,2024-12-25
Pragelato Sestriere,2025-01-26,2991 ,ינו׳ 2025,2024-12-25
Pragelato Sestriere,2025-01-27,2952 ,ינו׳ 2025,2024-12-25
Pragelato Sestriere,2025-01-28,2805 ,ינו׳ 2025,2024-12-25
Pragelato Sestriere,2025-01-29,2907 ,ינו׳ 2025,2024-12-25
Pragelato Sestriere,2025-01-30,3019 ,ינו׳ 2025,2024-12-25
Pragelato Sestriere,2025-02-02,2634 ,ינו׳ 2025,2024-12-25
Pragelato Sestriere,2025-02-03,3199 ,ינו׳ 2025,2024-12-25
Pragelato Sestriere,2025-02-04,2922 ,ינו׳ 2025,2024-12-25
Pragelato Sestriere,2025-02-05,2985 ,ינו׳ 2025,2024-12-25
Pragelato Sestriere,2025-02-06,3047 ,ינו׳ 2025,2024-12-25
Pragelato Sestriere,2025-02-09,3000 ,ינו׳ 2025,2024-12-25
Pragelato Sestriere,2025-02-16,3161 ,ינו׳ 2025,2024-12-25
Pragelato Sestriere,2025-02-23,3108 ,ינו׳ 2025,2024-12-25
Pragelato Sestriere,2025-02-02,2634 ,פבר׳ 2025,2024-12-25
Pragelato Sestriere,2025-02-03,3199 ,פבר׳ 2025,2024-12-25
Pragelato Sestriere,2025-02-04,2922 ,פבר׳ 2025,2024-12-25
Pragelato Sestriere,2025-02-05,2985 ,פבר׳ 2025,2024-12-25
Pragelato Sestriere,2025-02-06,3047 ,פבר׳ 2025,2024-12-25
Pragelato Sestriere,2025-02-09,3000 ,פבר׳ 2025,2024-12-25
Pragelato Sestriere,2025-02-16,3161 ,פבר׳ 2025,2024-12-25
Pragelato Sestriere,2025-02-23,3108 ,פבר׳ 2025,2024-12-25
Pragelato Sestriere,2025-03-02,3437 ,פבר׳ 2025,2024-12-25
Pragelato Sestriere,2025-03-09,3077 ,פבר׳ 2025,2024-12-25
Pragelato Sestriere,2025-03-10,2813 ,פבר׳ 2025,2024-12-25
Pragelato Sestriere,2025-03-11,2813 ,פבר׳ 2025,2024-12-25
Pragelato Sestriere,2025-03-12,2813 ,פבר׳ 2025,2024-12-25
Pragelato Sestriere,2025-03-13,2813 ,פבר׳ 2025,2024-12-25
Pragelato Sestriere,2025-03-14,2858 ,פבר׳ 2025,2024-12-25
Pragelato Sestriere,2025-03-16,3177 ,פבר׳ 2025,2024-12-25
Pragelato Sestriere,2025-03-17,2813 ,פבר׳ 2025,2024-12-25
Pragelato Sestriere,2025-03-18,2813 ,פבר׳ 2025,2024-12-25
Pragelato Sestriere,2025-03-19,2813 ,פבר׳ 2025,2024-12-25
Pragelato Sestriere,2025-03-20,2858 ,פבר׳ 2025,2024-12-25
Pragelato Sestriere,2025-03-21,2709 ,פבר׳ 2025,2024-12-25
Pragelato Sestriere,2025-03-23,2793 ,פבר׳ 2025,2024-12-25
Pragelato Sestriere,2025-03-02,3437 ,מרץ 2025,2024-12-25
Pragelato Sestriere,2025-03-09,3077 ,מרץ 2025,2024-12-25
Pragelato Sestriere,2025-03-10,2813 ,מרץ 2025,2024-12-25
Pragelato Sestriere,2025-03-11,2813 ,מרץ 2025,2024-12-25
Pragelato Sestriere,2025-03-12,2813 ,מרץ 2025,2024-12-25
Pragelato Sestriere,2025-03-13,2813 ,מרץ 2025,2024-12-25
Pragelato Sestriere,2025-03-14,2858 ,מרץ 2025,2024-12-25
Pragelato Sestriere,2025-03-16,3177 ,מרץ 2025,2024-12-25
Pragelato Sestriere,2025-03-17,2813 ,מרץ 2025,2024-12-25
Pragelato Sestriere,2025-03-18,2813 ,מרץ 2025,2024-12-25
Pragelato Sestriere,2025-03-19,2813 ,מרץ 2025,2024-12-25
Pragelato Sestriere,2025-03-20,2858 ,מרץ 2025,2024-12-25
Pragelato Sestriere,2025-03-21,2709 ,מרץ 2025,2024-12-25
Pragelato Sestriere,2025-03-23,2793 ,מרץ 2025,2024-12-25
Saint-Moritz,2025-02-09,2708 ,ינו׳ 2025,2024-12-25
Saint-Moritz,2025-02-23,2830 ,ינו׳ 2025,2024-12-25
Saint-Moritz,2025-02-09,2708 ,פבר׳ 2025,2024-12-25
Saint-Moritz,2025-02-23,2830 ,פבר׳ 2025,2024-12-25
Saint-Moritz,2025-03-16,2654 ,פבר׳ 2025,2024-12-25
Saint-Moritz,2025-03-23,2567 ,פבר׳ 2025,2024-12-25
Saint-Moritz,2025-03-16,2654 ,מרץ 2025,2024-12-25
Saint-Moritz,2025-03-23,2567 ,מרץ 2025,2024-12-25
